a1947_001, -24.28910520843112,-52.966690906079904,-76.4431573072793,-76.34236315931761,-152.85486817664358,-102.8402519962768,-153.50842416424814
a1947_003, -23.815708967875118,-50.47849537134969,-76.90311184340673,-77.99705214376587,0.0,-103.36905153237691,-157.206855714979
a1947_006, -23.908529929863484,-50.44622758442938,-78.51532698410372,-77.90960417893714,0.0,-103.50903360309886,0.0
a1948_001, -23.96204533980149,-51.458690034467075,-75.9966226212562,-76.11429534614366,-152.32442889913284,-101.84503676832293,0.0
a1949_001, -22.833794009352665,-47.824101483039904,-73.78000841782513,-74.71085798469872,-151.07163736518464,0.0,-148.9636157332226
a1949_002, -22.504341887696498,-47.397539935530496,-73.84328759086287,-73.81542392079092,-147.7726762436834,-97.56010097575327,-148.3890586904544
a1952_014, -24.07063779766598,-51.19158751024825,-77.77748367794267,-76.07750535201065,-153.66461894198787,-101.93273255289964,0.0
a1953_001, -23.796774946425614,-49.71252120347677,-74.98936460064179,-75.59688470383557,0.0,0.0,0.0
a1953_003, -23.318153551084542,-48.5086307466744,-73.18831749673468,-73.44230490945749,-147.5521240777811,-98.03223378595254,-146.87177355455302
a1953_004, -23.23722715516079,-49.01216986932611,-75.47401434225759,-73.92709510826967,0.0,0.0,-149.4612117686255
a1954_002, -23.36487595246545,-49.10093142141844,-73.28634487406809,-73.37137898942018,0.0,0.0,-146.70794364946275
a1954_003, -24.166949302029625,-51.35955720044349,-76.66765009513483,-76.96527183005685,-153.7831970943585,-102.64506290884566,0.0
a1954_004, -23.578865820317837,-48.71211112172326,-74.37638493335545,-76.16259453745575,0.0,-101.297064606831,-151.46295014829386
a1954_005, -23.801529817228285,-49.257086422919095,-74.78962987540693,-77.09032465388465,0.0,0.0,0.0
a1954_008, -23.741828745029483,-49.937703499170816,-75.42695648912945,-75.23856189723699,0.0,-100.50817040504272,0.0
a1954_009, -23.971071949806372,-49.403468302895945,-74.8431478404266,-76.28273659952377,0.0,0.0,-152.86215947033205
a1954_010, -24.08886179694739,-50.54497203482575,-78.96671893983377,-76.35197383878321,0.0,-102.59915483354366,0.0
a1955_002, -23.64817178481706,-50.8296982370739,-73.25030093154895,-73.4281776559622,-148.42221021264206,-98.85392714746841,0.0
a1955_004, -23.18542810173211,-49.21151500759183,-70.89686659208726,-72.4823662581641,-144.36330081788398,-97.2316459741076,0.0
a1955_006, -22.757558501000723,-46.84902568990198,-70.23893731525472,-71.87743035290903,0.0,0.0,0.0
a1955_007, -21.887693054989324,-45.681147688548805,-71.04538404594263,-70.38658758325212,0.0,-93.73271023219988,-141.12127605680456
a1956_002, -22.969483512716742,-47.373033687176274,-79.3927781192527,-72.59145098194969,-148.8121965722252,-96.28021295166954,0.0
a1957_001, -21.747061517328582,-45.94773404084088,-71.26315208954551,-75.12599415128071,0.0,0.0,0.0
a1957_002, -22.281163909212122,-53.32334957796837,-73.04775649069713,-77.95462408862512,0.0,0.0,-153.51175811172058
a1957_003, -21.866968208448615,-49.98201923088131,-73.31735046709714,-73.08188534044801,-146.782280639901,-101.0513964954423,-146.51038894651646
a1957_004, -21.741792826003486,-48.490094116861954,-73.85191394741003,-74.14092101747784,0.0,0.0,-149.19518822585212
a1957_007, -21.717484783712198,-46.71155349610322,-72.19456714031708,-72.79225639171436,-145.7070364297107,-96.16837914807688,-145.5671933982525
a1957_010, -22.447554002553613,-49.68585898997455,-71.49544188603068,-70.4732203298052,-141.60927460723462,-95.31700812917815,0.0
a1957_011, -23.292019347900887,-50.374740690959705,-78.31511301772397,-78.52093958566357,-159.74921342591838,0.0,-156.94078060009727
a1957_012, -22.391070202630882,-46.4938409596947,-72.65834784975638,-71.72327770820164,-144.01963753929456,-94.97396836849015,0.0
a1957_013, -22.55384153114065,-48.83846735170049,-74.25725928285425,-72.99565755351091,-147.00344528049825,-97.43042054682351,0.0
a1957_017, -21.890471638086552,-50.62218286097071,-71.71623672313177,-72.60637601265819,0.0,-99.09790191494659,0.0
a1958_001, -21.967531550778215,-49.10789668200961,-73.72750001194905,-72.3164676270165,0.0,-96.90608441659302,-147.57630590700512
a1958_004, -23.175907198385616,-50.579863637951625,-77.62083977359913,-77.77652376651243,-156.29066364068936,0.0,-155.58412818255294
a1958_005, -21.82999624595582,-49.225459382779825,-71.18732736179854,-71.93513940331833,-144.26263017636,0.0,-143.61804069306862
a1958_006, -22.004402818435153,-48.70020444352689,-74.06372390670816,-73.9047756582355,0.0,-98.83123777218206,-148.6677721406666
a1958_007, -21.479877483917285,-48.515954968178164,-71.0078505028206,-70.56491684470923,0.0,-95.22243698858352,0.0
a1958_008, -22.980254549360094,-53.01790392848577,-73.03674742747211,-71.45762397176568,-143.8810136258022,0.0,0.0
a1958_010, -22.741029382741655,-51.684848392926625,-76.23695685623488,-72.48998614831727,0.0,-98.35671028298266,0.0
a1958_011, -22.663340229565026,-49.38738047975232,-72.94462214166005,-71.18383595194575,-143.2504255846067,-95.87819302372922,0.0
a1958_012, -21.94509580554013,-52.09312211577384,-73.11560685533709,-72.5020020288735,0.0,-99.08738857883716,-146.49263968308287
a1958_013, -22.35843361640395,-50.02178945898816,-72.36285936364501,-69.36284804038333,-140.30833880856687,-94.38309655040098,0.0
a1958_023, -22.890822468164647,-48.74617842246755,-72.92621183274491,-75.4883866718716,0.0,0.0,-150.0759961848208
a1958_025, -22.828668318374543,-53.02135463064518,-75.65710632920603,-77.16300350669664,0.0,0.0,-153.58464860715443
a1958_026, -23.454072629722624,-53.55746020487023,-77.15670650368074,-80.39662173659616,-160.11059304031008,-107.2605415738137,-159.25655766969692
a1958_027, -22.09264393781644,-50.64203863401438,-72.55367488190686,-71.15516353864689,-143.02117595278233,0.0,-144.89746267383694
a1959_001, -24.97557617662202,-53.76855351257149,-83.29998280077848,-85.42952621641871,0.0,0.0,0.0
a1959_002, -22.17799395178132,-46.38717391122518,-76.46070606350877,-76.49032995601998,-153.0293513602235,-99.73938125005643,0.0
a1959_003, -21.361667803569468,-49.83278628201226,-70.09581329908609,-73.60556369101873,-145.45776728742,0.0,-148.356572427829
a1959_004, -21.821753328147715,-44.63783802650741,-69.29588568418637,-69.69098792149727,-139.1850025819867,-92.01296209699025,0.0
a1959_005, -22.209641315236517,-45.577542987686726,-75.57236689133384,-74.78924263671614,-150.7898123815344,0.0,-150.07792736559358
a1959_006, -23.408851929415643,-55.873805805193435,-79.09766940912503,-77.46053642454119,-156.28209614879634,-105.40142492136599,0.0
a1959_007, -23.151352583931256,-48.52481204137384,-76.47848571970336,-81.19757992939066,0.0,0.0,-160.3532805459207
a1959_010, -21.926478371254653,-51.17748003173973,-72.75452317285712,-73.07109383756193,-145.98437310066345,0.0,0.0
a1959_016, -23.030086210894208,-49.11735700314809,-76.33450737991848,-78.53890286605467,-157.60073302608055,-103.17683396653271,-155.99537591700627
a1959_017, -23.22026347719869,-50.69087148711855,-76.9688941727524,-76.71644019635848,0.0,-102.17990333806142,-153.56012886808506
a1959_021, -22.218974928094944,-52.56461396973283,-72.24755937434311,-75.20511156903254,-149.09669764053984,0.0,0.0
a1959_024, -23.15049681576259,-48.96505899601552,-72.36813336135167,-72.77662995505065,-145.3502615877083,-97.25932905657947,0.0
a1959_026, -23.275133739573395,-52.21822511109645,-73.43631478168639,-73.69220605730732,-147.42603917691358,-99.91641049099546,0.0
a1959_027, -22.271710105418855,-50.951261237300805,-73.71751344474124,-73.04114706552616,0.0,0.0,-147.00620014346438
a1959_028, -22.670520096673293,-46.06091294946938,-76.40344249155915,-76.24872034200828,-152.75855081199344,-99.50480301890205,0.0
a1959_029, -23.39005527998176,-49.24050473582858,-75.03207843770872,-74.87483411979407,-150.11094327800407,0.0,-150.24817102211077
a1959_030, -22.069762039961816,-44.957374245080814,-71.1585390741383,-71.74040264836155,-143.2205868451864,-94.33589010153965,-144.60010714808774
a1959_031, -22.775559541566516,-46.68926243048923,-73.74138381773639,-73.58414646766747,-147.35345137798512,-96.92889405456411,0.0
a1959_033, -23.611271622339917,-51.82265247357081,-77.74946512781436,-77.23419037899951,-154.78684243985984,0.0,0.0
a1959_034, -23.095925044809132,-48.638443551885494,-76.05578747052438,-74.92028304556591,-150.42082367588668,-99.38620606493215,-152.25878283998554
a1959_035, -22.60258406212175,-46.148815820564685,-73.48794078616197,-73.20419756174243,-146.56442936038897,-96.31940507568788,0.0
a1959_039, -22.30094566165642,-44.905434211219166,-72.53846335045289,-72.39240494703508,-145.29693816575465,-94.90081392420127,0.0
a1959_040, -23.264438406415273,-55.57001559651522,-80.30898473632801,-77.47616997291902,0.0,-105.93652402907206,-156.50137087182944
a1959_041, -21.745746982341327,-46.235830443429734,-75.13614648066398,-72.67344644404538,-146.6715890363483,-95.8194894483948,0.0
a1960_001, -22.289780579811584,-45.500842198248435,-74.13031721567116,-74.47872531683936,-148.78349552898388,-97.2499045958966,0.0
a1960_003, -22.38114530194921,-53.208832956005956,-76.51978234058605,-75.61099548653574,0.0,0.0,0.0
a1960_006, -22.504545065857876,-53.765898229499264,-74.15493646683377,-74.32853987564341,0.0,0.0,-149.27085574109125
a1960_008, -23.58683420313977,-54.83244608336445,-78.55415710920944,-78.61812216106372,-157.47306441531668,-106.05073075406493,-157.64297167741157
a1960_009, -24.444113246802956,-57.13347178401126,-81.38427307454184,-83.50954026407568,0.0,-112.55045325103535,-167.29512941758816
a1960_010, -23.07337144627656,-49.381396279324335,-76.69721097985362,-76.95663855652286,0.0,0.0,0.0
a1960_011, -24.175638948265487,-56.616668345786834,-79.47622224407404,-79.36952755813131,-158.94638225000642,-108.05674045380792,-159.45631146583233
a1960_012, -24.59655815860764,-54.20845687210887,-81.68348119782954,-83.51467400550565,-166.82932885751995,-112.24117505110812,0.0
a1960_013, -23.355287592149477,-50.898256122385206,-77.69423589708964,-77.58554735709714,0.0,0.0,-155.25596872522524
a1960_014, -24.48323148771282,-56.174367470301206,-81.14980641758095,-80.0923067481097,-162.40915641205487,0.0,0.0
a1960_015, -23.86492797748715,-55.5616725397799,-80.37559424162903,-79.08294385046553,0.0,-108.09517086734486,-158.92041396747754
a1960_016, -24.323612247883315,-53.229020558370685,-82.63629817535778,-83.37784561511677,-167.1697956589122,0.0,0.0
a1960_017, -24.595535928008587,-55.531436949589676,-81.97744023631846,-84.46348230507584,-167.964733191781,-112.36345226991826,-168.10628653449052
a1960_018, -23.45454482607458,-54.86503908060831,-78.25316847822104,-79.7120198751776,-158.70745552420308,0.0,-160.5319851159585
a1960_020, -24.62770159835674,-56.62844828597476,-80.21827006001806,-82.46846371789847,-163.85452521488213,-112.14961423136714,0.0
a1960_021, -23.79714993961469,-51.79600648969866,-77.35285969641579,-78.7658090136025,0.0,0.0,-157.41246380849864
a1960_022, -24.48149887382902,-55.73939690051171,-79.63068668429288,-80.25233128304791,0.0,0.0,0.0
a1960_023, -24.299503093763267,-56.501525157550184,-82.90031655424275,-81.55636039556578,-164.57328428168418,0.0,-163.90038670634036
a1960_024, -24.3784051210274,-57.2953518353402,-81.24822038754849,-80.25123923909003,0.0,0.0,0.0
a1960_025, -25.05614701631782,-62.11004551977638,-84.15582184140132,-82.80169036144676,-166.81281411807404,-114.89929650342735,0.0
a1960_026, -24.345298042088118,-56.27843027024491,-79.57232839024101,-81.54236293800028,-163.90463605137612,0.0,0.0
a1960_027, -22.98336523690087,-51.61116937102665,-76.95256723710634,-75.93283542294272,-153.33767753167837,0.0,0.0
a1960_029, -25.225292180004008,-56.519277994062314,-82.95113910284476,-83.34020600512477,0.0,-113.97081529119129,0.0
a1960_031, -23.372431759693917,-52.655003366992325,-75.84330837389813,-77.70891843854426,-157.64953407923056,0.0,0.0
a1960_034, -23.172654120786927,-49.164205396230734,-76.93256406559408,-78.47328544671076,0.0,0.0,-156.76613970462276
a1960_035, -23.274764938168026,-54.959629912663594,-79.397417209646,-79.21473363989868,-159.98208402165787,-108.98786985604778,0.0
a1960_036, -23.071711833935968,-54.07475932840375,-79.76367200640857,-78.56177182586491,-157.9138585010495,0.0,0.0
a1960_037, -22.189233923874614,-44.532450432694965,-72.07791578349314,-72.1025304726093,-144.1927875878588,-94.36948884815806,-148.99096031687955
a1960_058, -23.674420462252673,-49.394374803890145,-78.67177299193132,-78.62760963066277,-157.8950543796732,-103.70594540514021,0.0
a1960_063, -24.818180910085065,-56.24225256960313,-83.25903000112608,-81.2085526867074,0.0,-109.54034199196529,-163.68260028170133
a1960_064, -24.513239883190113,-58.42322510768516,-80.30619758687617,-81.1308758924469,0.0,0.0,-161.8497502896782
a1960_065, -23.16107264858195,-47.38502623066358,-75.18267507511699,-74.21481469991825,-149.10560982159737,-97.93395649747376,0.0
a1960_077, -25.49517795670168,-56.097531622248844,-85.14471354659536,-83.9146099709296,-168.44700461046182,-112.4061412005984,-171.0502634569759
a1960_091, -23.949281785206168,-55.94486698442703,-79.01551011562303,-80.26012789445157,0.0,0.0,0.0
a1960_099, -23.367637604801754,-47.32685922269662,-76.80268766958949,-76.7776273180837,-153.5698999655216,-100.45794339510378,0.0
a1960_103, -23.85198247429978,-56.362369198313985,-78.58533812918671,-79.28450679838983,-158.22412785060428,0.0,-160.55544970150189
a1961_001, -22.884030686117573,-53.51076248628015,-76.86166859382946,-76.8774885672979,0.0,0.0,-153.78120446241337
a1961_002, -24.962174212841536,-56.67244725148071,-83.4952605503699,-81.67218706052668,0.0,-110.11608072585658,0.0
a1961_003, -22.75902063809956,-54.57982892353981,-76.64466524659345,-77.07721439902136,0.0,0.0,-154.45924295307952
a1961_004, -24.531080819494015,-56.4571102927399,-81.84150725993324,-82.08367649670782,-164.68067906390647,0.0,-164.21132856914033
a1961_005, -25.089502165130128,-60.8307800407193,-83.2357969586165,-87.48805818190371,0.0,0.0,0.0
a1961_006, -24.319130666344588,-58.2938449303742,-82.01612455880263,-81.90646685057735,0.0,0.0,0.0
a1961_007, -24.070007831250454,-57.294843199520365,-79.71441848923197,-79.27031058103456,-158.76868076631152,0.0,-160.9766286264355
a1961_011, -24.831252211494085,-58.94014859172215,-82.55581530623458,-84.44258163089482,-169.08588604253174,-115.19822900075859,0.0
a1961_018, -24.80412236585534,-56.70943865744972,-85.68909195653828,-84.48921414264838,-170.5350455856722,-112.9410143115987,-169.65820758187883
a1961_025, -25.105515574122407,-59.526896639713456,-82.98095217189837,-83.49312478226175,0.0,0.0,-167.2480835714281
a1961_032, -23.989259802722408,-57.307070997583864,-81.64340511349154,-82.33958265334665,-164.33192691884042,0.0,0.0
a1961_033, -23.18740935782108,-52.335756636542676,-75.58175014768197,-78.77584098093736,0.0,-105.23115902187148,-155.97007032668606
a1961_047, -22.645673900947884,-46.221133096637274,-73.7142002091065,-74.147635328446,0.0,-98.19901164075642,0.0
a1961_049, -24.32522459517321,-56.33986411523322,-80.4065317678358,-80.53349340772631,-161.00584451333785,0.0,-163.68722018645846
a1961_054, -24.84674588474611,-57.82495624690143,-82.75074393765894,-82.36514357169057,-167.028659884191,-111.57832901343805,0.0
a1962_001, -24.585448014702056,-58.83190389473898,-81.79261789485389,-81.59673014372937,-163.39678729053986,-113.26755879427263,0.0
a1962_002, -24.309073255291178,-55.003239518176684,-80.17859069564263,-80.10516311086455,0.0,-108.92966258251705,-160.2926930231602
a1962_003, -23.18309213015987,-56.37095369294005,-76.98025502579338,-76.99551454153922,0.0,0.0,-154.14847886039448
a1962_004, -23.916168810147898,-53.95447871783277,-79.94582448168562,-80.82721806921494,0.0,-107.80515203433625,0.0
a1962_007, -25.081837257815916,-57.16623936415282,-82.17017891717258,-82.44549328022093,-164.7846024168654,-111.60465864744748,0.0
a1962_008, -23.63051991785003,-51.67566638445199,-79.38155051521204,-78.92118681733884,-158.16086841744664,-104.87847345679504,-158.98292295098145
a1962_009, -24.16764837337563,-58.1964513662852,-81.14958033145204,-81.94610899791945,0.0,-111.18964232462497,-164.34633328948482
a1962_010, -24.00787882504064,-56.436037366829076,-78.65566202864191,-83.13292945915752,-164.20629765146472,-111.37131657589516,-164.62750085004873
a1962_011, -24.54019989346211,-58.1201103133065,-80.68538483166319,-80.42432282173999,0.0,-109.78018079223597,0.0
a1962_013, -24.347581216324418,-54.07065195707018,-80.94264412115635,-81.82429736943504,0.0,0.0,-164.99669405745922
a1962_014, -22.461521957650547,-49.641439513158986,-72.82615434978297,-73.55888484795646,0.0,-98.80773878623287,0.0
a1962_023, -24.91551633101906,-55.88828568322782,-82.58100902462634,-82.0731240257884,-164.5757425859543,-111.09061881149171,-165.00873729384304
a1962_047, -24.480731559273543,-56.91893243382757,-79.92360560770699,-83.50691375674971,0.0,-112.94509184915375,-165.9478777176006
a1962_049, -23.93414212060186,-52.53486876792348,-77.9532401052604,-80.81025707831617,0.0,-107.26084767866055,0.0
a1962_050, -23.186062501621173,-53.66560181412806,-76.21654072958476,-78.93370679582749,-158.1804877371282,0.0,0.0
a1962_056, -23.950422009290243,-55.466461750388596,-81.33019595796384,-79.21606760136189,0.0,-107.76074672827437,-160.86475009246064
a1962_057, -24.26575784315163,-56.622675248197595,-81.26930744975803,-84.8914301525603,0.0,-113.7078232387691,-168.941015175896
a1962_066, -24.146805450874936,-55.34736073500977,-79.95878697266348,-81.06562856564595,-161.6435190801949,-108.7868863005869,-162.6252041579007
a1963_001, -23.317055545172497,-58.594706595515056,-82.05803490531686,-76.84098484472622,0.0,-106.50406892328697,-156.32499590588992
a1963_002, -21.71930256543198,-49.35980381811872,-70.2658466637059,-71.62060508166606,-142.5736788357224,-96.32144875153614,-144.5324226911699
a1963_003, -22.26989759788292,-50.90844328229819,-74.75783545629774,-71.81704337166174,-145.53366470590814,-97.29356610641165,0.0
a1963_004, -22.710255588968547,-53.278736136960084,-78.18856670176507,-77.38789003197682,-155.20128648726353,0.0,-156.6831652776585
a1963_005, -24.53279754043315,-56.051775830490016,-79.80453933551502,-80.77697339499751,0.0,-109.21919187755663,-166.65858558152917
a1963_006, -22.69864235939989,-51.29833936647434,-75.03522354197273,-76.02799415324746,0.0,-104.21034754520925,0.0
a1963_008, -21.162293442991842,-49.85822996810801,-70.12365539761761,-69.62679031691532,0.0,0.0,-139.6709554950867
a1963_009, -22.111822668654064,-51.88983913920199,-76.67916726685674,-73.9795882607824,0.0,0.0,0.0
a1963_054, -23.609828953245177,-55.01322097654467,-79.73853035364097,-78.75092779188799,0.0,0.0,0.0
a1964_001, -22.26753987673258,-52.51992599941467,-75.34759047649105,-76.21438022594468,-152.7116636603651,-103.72482865824726,-152.1317218767516
a1964_002, -22.01154261517589,-49.85384126360847,-74.32579804229991,-74.5711417966421,0.0,0.0,0.0
a1964_003, -20.54174455478922,-46.34022256504693,-66.60634292233603,-67.71442957919128,-135.79075172796018,0.0,-134.9620601394906
a1964_004, -22.277644817916897,-51.069351771359834,-72.49454443231265,-74.02511601922488,0.0,0.0,-150.34390334132343
a1964_005, -22.374177991745402,-50.44770726711547,-76.99985652946427,-74.71617127514645,-150.63731457770385,0.0,0.0
a1964_006, -22.220425630446364,-53.10968497750445,-74.00724175543539,-73.83505807977136,0.0,0.0,0.0
a1964_007, -20.864453996476392,-48.598318660713176,-74.46537506464972,-72.34673702998256,0.0,0.0,0.0
a1964_008, -21.16953248434075,-48.999376367488786,-70.10988897647711,-71.47342473894211,-143.7085036868351,0.0,-142.29376474986853
a1964_011, -22.665049141638576,-52.205239151444836,-74.84296446506484,-75.02771806836903,-151.87017317606458,-101.70238178514322,0.0
a1964_012, -22.718829666725867,-53.220120345604535,-77.61795869334713,-77.48289797880366,0.0,-104.41433757104426,0.0
a1964_013, -22.050008724794555,-50.00081933158558,-76.06449807456764,-74.63688538253996,0.0,0.0,0.0
a1964_014, -21.335269029014317,-49.77250438794909,-71.78617293186012,-70.5761688546477,0.0,0.0,-141.8038282631709
a1964_015, -21.474372390697663,-50.31321920000134,-71.23884243302224,-71.7620640208664,0.0,-97.20413700947219,-143.45018551185498
a1964_027, -21.73492482496582,-52.84130821707209,-76.4597573661194,-75.37024039711689,-151.28732608338487,0.0,-154.02576935718764
a1964_031, -21.948504647087784,-51.77385728825531,-75.06061291363407,-76.3121708555419,0.0,-103.60302362206735,0.0
a1964_053, -21.733946255098175,-48.83640795754818,-77.13101890956817,-73.35439583153783,-148.67607851146047,-101.37047863214941,-149.55880762371672
a1964_054, -22.23679849574372,-51.79592911639035,-74.84207608146869,-73.52632765808988,0.0,-99.46294764185986,-147.95707391462292
a1965_001, -21.865920712026593,-52.82681962283819,-76.24049284303175,-73.37916176862205,-148.28778116899343,-101.28910481457315,0.0
a1965_002, -22.26732256799515,-52.327788137725875,-72.88424069658046,-72.81113476490862,-145.79712962660437,0.0,0.0
a1965_003, -22.771213268866806,-53.43855630080305,-76.6264731955652,-75.65086819688726,0.0,0.0,0.0
a1965_004, -22.568886820432105,-52.25255330138595,-77.06505881193728,-76.24747811920268,-153.05775155895833,0.0,-153.56758576938142
a1965_005, -21.731095831928148,-48.51823813138607,-73.07528562028206,-74.89838819247056,-148.93624423477343,-100.11585761769945,0.0
a1965_006, -23.38880243047435,-56.77745687306777,-77.44123844174356,-77.07370216354428,-154.765041488903,0.0,0.0
a1965_007, -23.20427142589562,-55.201829079767286,-76.49277712720821,-77.22524016407425,0.0,0.0,-154.32772533454758
a1965_008, -21.349373009078235,-51.75130325870842,-72.41336840321473,-72.89885058441634,0.0,-99.80742347418243,-147.5828070524129
a1965_009, -23.106122577241894,-47.17295775032349,-77.73493656505325,-78.75139051592997,-158.04897431083555,0.0,0.0
a1965_010, -23.174870451744585,-53.006794361088126,-78.39646701211362,-75.8257750309982,-152.96652423050315,-102.44831421570005,-154.3645781073476
a1965_011, -21.533209990944254,-51.35374716463872,-73.24907968458766,-73.83637094043534,0.0,0.0,0.0
a1965_012, -22.836696809401133,-52.96235172523456,-75.51159311197841,-76.25064060368679,-152.16124153712394,-103.56262899482542,0.0
a1965_021, -22.14410856468154,-51.97765828378009,-74.6184577671003,-75.00901683666487,-149.98651114784263,-101.10698705175805,-150.46051215082383
a1965_023, -23.654121354055718,-53.38926119715018,-76.8016647705997,-77.17899081604135,0.0,0.0,-154.19183538828798
a1965_027, -21.176614329821064,-48.57531964981325,-69.35979209846484,-74.17901712610362,-146.1602165971151,-99.18266298760618,0.0
a1966_002, -21.534088044856716,-51.638570154504116,-72.96307784258829,-75.25520240096749,-151.2714148460388,-101.08254254789227,0.0
a1966_003, -23.085743674403773,-54.496630044349224,-75.00333050495576,-75.77886970996869,-152.4964709529804,0.0,0.0
a1966_004, -22.266487511589027,-51.720656878642394,-75.59028710005994,-74.52836311928876,0.0,0.0,-150.63974697585286
a1966_005, -21.453637313064156,-50.471696311219205,-72.47504483418038,-73.0597531137159,0.0,-98.48454547182436,-145.83572768079583
a1966_006, -23.51617854609393,-55.68740599915729,-79.10105382269982,-79.00527019089482,0.0,-106.99621079931553,-158.1352264823274
a1966_007, -22.594831938627998,-51.563520462458015,-76.58898874451457,-74.58632821789752,0.0,0.0,0.0
a1966_008, -21.84198418541833,-53.50036560228276,-73.87239971687113,-73.50784532236028,0.0,0.0,-147.46640759167957
a1966_009, -21.872921718373416,-51.620024507844676,-72.58943012465762,-73.31605208227494,-146.30435973604847,0.0,-147.6080723005678
a1966_010, -21.985603161399425,-51.18439769874533,-71.62488780634308,-75.47799809863197,-149.03462445399578,-101.16460830844663,-151.31660367954086
a1966_034, -21.89375560576953,-53.754183677690214,-71.55107093622979,-71.70521703679917,-143.60313334775464,-99.80298731424338,0.0
a1967_001, -22.090376724256313,-49.421681150422614,-72.2808591820743,-73.80558509829044,-147.06524516151228,-98.52969791427398,-147.3717806573696
a1967_002, -22.162143490138863,-54.864506529749534,-73.8040986100546,-74.24795530674254,-148.3622179147174,-101.99770928571058,0.0
a1967_003, -22.931552935640973,-52.30192855371481,-75.92157066741026,-74.70544303686923,-150.91462818754155,0.0,-150.11015096436242
a1967_004, -21.355239053307667,-49.833592887750335,-69.9561795682433,-72.46881006496513,-144.54009034181837,0.0,0.0
a1967_005, -21.824974708109913,-51.385448012521145,-73.47824016287682,-73.22001826503212,0.0,-99.4348998995979,0.0
a1967_006, -21.95789277073122,-53.374792628470274,-74.0639235788498,-74.40243040263852,-148.79649499142783,-101.10701649198931,-149.28084704528513
a1967_007, -22.70548810740032,-53.100584297566336,-73.62768621730025,-74.88689220111196,-149.15301122117498,0.0,-151.16682707090487
a1967_008, -21.471699056633398,-47.86287569158738,-69.91105512277348,-71.7926475505134,0.0,-97.13559520370003,0.0
a1967_009, -22.289282837707088,-52.78938315653966,-73.29471187741841,-74.89107643309042,-149.48906760153812,0.0,0.0
a1967_010, -22.207017382881148,-49.21860705831398,-72.16334739891523,-72.53083565015801,-145.69383419879816,-97.39736358053081,-144.9867406169024
a1967_011, -22.14701371514659,-52.01985966978841,-74.12293346270215,-73.0032011460037,-146.57134552455292,-99.02447569904885,0.0
a1967_017, -22.166216639303578,-51.32264416797065,-77.24766994691936,-73.98286225021306,0.0,0.0,0.0
a1967_021, -21.712018920468015,-50.60255235317724,-72.85365271717609,-73.24813054981082,0.0,-99.16453615389776,-148.79244152067187
a1974_001, -21.367869951499213,-49.25446865940346,-73.9221585341405,-70.92153530604368,-143.36833308142286,0.0,-144.85465577447508
a1974_002, -23.390404462102463,-52.57157431329867,-77.48928358257794,-77.27350610026645,0.0,0.0,0.0
a1974_003, -23.37750488955232,-51.61768740053219,-77.37205184221953,-78.37285053574577,0.0,-104.18893918187072,0.0
a1974_004, -22.59934395688702,-50.80358690351285,-74.90809185183555,-73.05997663284779,0.0,0.0,0.0
a1974_005, -21.427697424278932,-46.53330047205159,-75.67467224419515,-71.03008139474039,-144.8084657850782,0.0,-144.66050440076623
a1974_006, -22.809960917328283,-52.13723976454157,-78.22910566970852,-76.41667762339155,0.0,-104.10703626281851,-153.74179333841911
a1974_007, -22.747035945980816,-50.41850193195716,-78.74064376377741,-76.54066499121895,0.0,-103.43054397726871,-155.0239368151309
a1974_008, -22.21483981873579,-51.18674840228846,-74.68588024166196,-76.80173868975649,0.0,0.0,-152.98146869087182
a1974_009, -21.962727869926812,-52.144945520530776,-73.62520255348797,-74.99530558164273,-149.30983757311168,-101.20825322190868,-151.68826722398975
a1974_010, -22.593079804171758,-54.3273986617422,-75.21862074161841,-75.62058955598735,-151.2456583396859,-102.85584458072397,0.0
a1975_001, -21.292306114139063,-50.12231303317871,-71.77233681745574,-70.21245921034222,-141.4599057441481,-95.4096814950598,0.0
a1975_002, -22.46259274840952,-51.124405046913154,-73.22772417518806,-75.55966039522373,0.0,-101.39091744713726,-150.0269609322828
a1975_003, -22.036907015115048,-51.433386323339974,-72.87342830812183,-72.57470441961262,0.0,-98.30723486024732,0.0
a1975_004, -22.295970357635614,-50.934069113524004,-73.42657387516218,-75.07623198990426,0.0,-101.98525057943459,0.0
a1975_005, -21.64341491444623,-50.5565841042509,-72.40823334197239,-74.48009106853155,0.0,0.0,0.0
a1975_006, -22.26965676354599,-49.679813739754174,-71.1727714413765,-72.43577511113078,-144.27385897243005,0.0,0.0
a1975_007, -22.776399810737832,-51.90719133539977,-76.15930152640351,-77.24399616955951,0.0,0.0,-154.01955367839537
a1975_008, -22.210641676899712,-52.830643569192105,-73.61651122696124,-73.53238512778842,-147.3539022999559,0.0,0.0
a1975_009, -21.421689319018125,-49.386041829103526,-71.66573646466186,-74.85627838806445,-148.79241245178886,-103.1410810464633,0.0
a1975_010, -22.101894540487642,-49.189371285494865,-75.43444665913238,-74.48530442080572,0.0,0.0,0.0
a1975_011, -22.060883045165532,-52.010377255099456,-75.18622528982674,-73.38658315187485,0.0,-99.4480093950405,-148.78150379782443
a1975_012, -22.057476882636575,-52.64076127705269,-74.55463297227627,-74.56296953770124,-149.19466418206272,0.0,0.0
a1975_013, -22.263491515490646,-53.85960452391511,-74.0334499930473,-74.65249322481476,-151.54462012919277,0.0,-148.9985277234978
a1977_001, -22.564293115887804,-52.19136752041359,-77.49039281744582,-77.43521692902247,-154.92963044088543,0.0,-156.29433168593704
a1977_002, -22.856002691408207,-51.24320457463886,-77.0914160243882,-78.87930504233668,0.0,-104.90722723415178,0.0
a1977_003, -22.803402421746398,-57.06514058269116,-74.79464575819122,-74.68114167186378,-149.7829042954115,-103.2209355770648,-149.74889196669483
a1977_004, -23.157819141774215,-54.91630613391422,-75.24070910005202,-76.57595193446528,-152.55609417470964,0.0,0.0
a1977_005, -22.534333583379578,-56.869952920621465,-76.62349049329357,-77.6606803472144,0.0,0.0,0.0
a1977_006, -23.511681128111817,-53.55929137996155,-81.62388666851821,-78.36252283380955,-158.53960045701098,-105.59304410928952,-158.94503149950418
a1977_007, -23.07774478267076,-52.95332386277935,-77.45239173216557,-78.2658758285716,-158.62949895936595,0.0,0.0
a1977_008, -23.02095665683564,-53.99849436462319,-75.73974431165878,-75.5068925467419,0.0,0.0,-151.1302110432431
a1977_009, -22.522367949352486,-53.11230181030602,-76.03464147989573,-73.96753120044923,0.0,0.0,0.0
a1977_010, -22.697144733366247,-52.96029501439646,-74.62309240646948,-74.52035088900374,0.0,0.0,0.0
a1977_011, -22.85914633752124,-54.262872428353255,-76.95131537091034,-78.20561901370566,-156.36110316613815,0.0,0.0
a1977_012, -22.507734268695856,-55.25429798918842,-73.68352858545376,-73.16388930669879,-146.7014183475158,-103.09672633237865,0.0
a1977_013, -22.506882013838037,-54.736972753703114,-75.46386930665595,-74.41459671085873,-150.0503539070239,-103.14904079393926,0.0
a1977_014, -22.460011872814693,-53.01452301833378,-74.55678246397517,-75.53502793414381,-151.41406625387162,0.0,0.0
a1977_071, -22.37198488268652,-52.63335879572969,-75.19805105874256,-74.7384076245842,0.0,0.0,-149.92477272771237
a1979_001, -23.418231048711885,-48.513987814190166,-74.63956823781592,-75.85666302728164,-151.34859224837328,-101.33532504174835,0.0
a1980_001, -21.295110735083608,-49.18391761949254,-72.73793917909214,-72.1227852075558,0.0,0.0,0.0
a1980_002, -21.353949159627177,-50.122013419783556,-72.60932017384282,-73.61874352017078,-147.32357604815738,-99.50610346442238,0.0
a1980_003, -21.47664243669426,-51.192113260794464,-70.5271397000114,-70.46786219389283,-142.75214621421807,0.0,-140.97959149240003
a1980_004, -21.43479543869236,-50.52173696877859,-71.71742148386497,-71.15049533414428,0.0,0.0,-142.88650640949487
a1980_005, -22.358742599136214,-53.44213476661449,-77.81464607167717,-76.12059539373266,-153.10846026985146,-102.87901307274149,0.0
a1980_006, -21.513155425922772,-52.25352694377634,-70.91333984304718,-70.42321861022809,-142.93579702914803,-96.64745010865153,-141.10416034483308
a1980_007, -21.416497431066666,-47.7031776965131,-71.45606989144436,-71.6572762031361,-143.25540899514678,-96.13823641395966,0.0
a1980_008, -22.022320774563283,-55.08383625609216,-73.90336362741415,-74.75706248797063,-149.5273745126168,0.0,0.0
a1980_009, -21.870205532143657,-51.31661293604073,-72.54148172151115,-73.35073472735563,0.0,0.0,-147.30520843758146
a1980_010, -21.619088905531683,-49.25897180889556,-72.93201666846458,-73.4828961536883,-147.06353580952967,0.0,0.0
a1980_011, -20.8336884621374,-47.95896100113364,-69.62851788365253,-68.64559775687962,-138.2628995818246,-92.73955230908071,0.0
a1980_012, -21.624413468024763,-50.75496184372805,-72.55389584461278,-73.16449906651569,0.0,-98.56161690706266,0.0
a1980_013, -21.925740381261683,-49.525422429631895,-78.18310507670274,-73.5639108018484,0.0,0.0,-149.77556428197084
a1980_014, -22.22558356405386,-52.031107788042064,-72.70019869164733,-72.37502635630632,-144.96998994597146,0.0,-146.02374868419489
a1980_015, -22.060820161928856,-51.93408841544703,-74.45239637348017,-76.66721538255983,0.0,-103.2988770690569,0.0
a1980_016, -22.432914189081888,-51.63538021108837,-74.6363864649251,-75.6356110826902,-150.7810034106786,-101.45538141203788,-152.76359146527932
a1980_017, -21.63304236248679,-56.08520785562655,-74.09870082234205,-73.33917933222338,0.0,0.0,-149.62918528603288
a1980_018, -20.685331936459818,-45.80471317930004,-69.17669768565018,-67.03919114138363,-135.19843251852595,-90.15619380917134,0.0
a1980_019, -21.697204911986308,-47.43667052030446,-70.50869778224084,-73.69165420185355,0.0,0.0,-145.87545278997
a1980_021, -21.623052371300695,-51.16840251047134,-73.19753516876258,-70.94094180962013,0.0,-97.22855439592925,0.0
a1981_001, -22.54284077681225,-51.76350474890278,-73.834537813632,-73.39547002802492,-148.91251488384208,0.0,-147.02173974073773
a1981_002, -22.08453397448697,-52.00367502017576,-75.2303757541071,-73.03731704262657,-147.32573912812467,0.0,0.0
a1981_003, -22.593773948671004,-51.30745387413123,-75.11826825418619,-73.69587504864495,0.0,-99.40838035400826,0.0
a1981_004, -22.267288409344516,-50.76332196829522,-74.68378631321637,-74.44042193118959,-149.25551302483504,0.0,0.0
a1981_005, -21.879661116973672,-47.91240674594245,-69.71287354580683,-69.62237644379478,-139.34579023000902,-93.58443718948728,0.0
a1981_006, -21.799398255443514,-47.6383919265522,-68.82461150734851,-68.97623449696614,-138.67360918918675,-92.97740526467526,-137.99019009211312
a1981_007, -22.08510389590173,-50.9514284457069,-72.40699029003774,-71.65946475046587,-143.69421758865676,0.0,-146.5896573485345
a1981_008, -22.126765365542603,-50.20819939645518,-74.29497677804305,-72.67198474289972,0.0,0.0,-146.21438870790504
a1981_009, -21.874032393664663,-49.7690273259752,-74.21394124266344,-73.72721771202717,0.0,0.0,-148.3398721566396
a1981_010, -22.15664460980979,-51.959943583980525,-73.89034223223001,-74.14345292826509,-148.16371787563781,0.0,-150.6622717110992
a1981_011, -22.187342919886206,-52.29334629008481,-73.68144476373944,-75.12422069948066,-150.32028688197934,-101.52129570745448,-149.64153828584028
a1981_012, -22.49979971099451,-51.33559198494118,-74.58827684785474,-73.41740081932318,-147.50358099601428,0.0,-148.35716332176972
a1981_013, -22.426428425394356,-53.035653486339584,-76.41258364164285,-78.15673663019174,-156.43400765067818,0.0,0.0
a1981_014, -23.033646070425554,-51.22240000284414,-76.80408534061664,-77.37749951976264,0.0,-103.42352759181783,-155.00125241767034
a1981_015, -22.44492919426751,-50.39796995690948,-75.444673128558,-74.84492949894893,0.0,-100.06786013238867,-149.9917044561333
a1981_016, -21.762553072583056,-51.251721068919466,-73.2422819120783,-71.82574797226134,0.0,-98.26804990558274,-144.42108784815687
a1981_017, -21.59690736972773,-49.433901487900016,-71.0538673354338,-74.79022534671738,-147.81434163652125,-99.75962046653655,0.0
a1981_018, -21.604447264699754,-47.774657781527345,-71.86849269805023,-75.10487839521693,-148.9782547035838,0.0,0.0
a1981_019, -21.696312829755268,-50.0041693434211,-71.64334876344621,-73.15781591817685,0.0,-98.46868716232872,-147.2363871004874
a1981_020, -21.841361333929846,-49.869069497988455,-72.12844669819586,-74.3125215896848,-148.16403831319056,-99.2596410110809,0.0
a1981_021, -22.369510099645236,-51.53771629489607,-74.51211516102431,-74.73754212226407,0.0,-101.27537955671602,-149.36337230656096
a1981_022, -22.118824820590103,-50.7760780558825,-73.00715866341032,-72.85439892680998,0.0,0.0,-147.35769624696206
a1982_001, -20.88563585505112,-46.73050067988956,-69.50984706991277,-69.18577556496165,-140.84912501760982,-93.0100224944947,-138.53848290841447
a1982_002, -21.430142115790392,-48.621572896086356,-72.35061497396059,-71.05436087939344,-143.02260943438102,-95.5135795903136,0.0
a1982_003, -21.71109068689834,-49.233226438253496,-72.75623839407531,-71.68607938385988,-143.97333070121152,0.0,-144.9516974755952
a1982_004, -22.616498102238957,-51.03988273318344,-74.24077848417467,-77.05015785701421,0.0,0.0,0.0
a1982_005, -21.739385862891673,-50.73413887860123,-70.84618337852821,-69.95630618712948,-141.63604745594844,-95.3243426802501,-140.39790527302688
a1983_001, -23.49270790377974,-54.5737512604565,-78.93823928624363,-80.45278714885492,-160.56554937747052,0.0,-160.43296253837062
a1983_002, -23.459021867859338,-52.868979161533545,-79.98874893891853,-78.06140423365967,0.0,0.0,-157.6180483235661
a1983_003, -23.462729716365246,-54.4000847040954,-78.03901217750396,-77.41626944810871,-155.1878347465493,-105.31728301928392,-156.38177982128855
a1983_004, -23.5923494711126,-53.6970613658581,-77.16333999067004,-78.85925758822972,-157.99332354597368,0.0,0.0
a1983_005, -23.063976642279307,-54.47479754355508,-76.79166396666119,-78.97404899184578,-157.5233823098643,-106.34767788687682,0.0
a1983_006, -23.677723604165134,-54.645529031625514,-79.63525332107643,-76.92206691686984,0.0,-104.32533703359209,-155.22285279142494
a1983_007, -23.937623858718677,-54.367395566821735,-79.65707747964494,-80.21423000393249,0.0,-108.45044976588665,0.0
a1983_008, -23.00395624301645,-53.30827279444009,-75.61130760475172,-77.58401581950272,0.0,0.0,-154.71040532698652
a1984_001, -22.23748703322489,-51.553936599649155,-74.25583371443632,-74.29179027841529,0.0,-101.92766384537919,-149.18868118650838
a1984_002, -21.958748097683305,-47.88328244936195,-75.24556129776931,-72.840864741779,0.0,-97.33635329356146,0.0
a1984_003, -22.492593206430048,-51.80250227202509,-76.37879438152936,-77.74300680374496,0.0,0.0,0.0
a1984_004, -21.980115738450863,-49.657411639268375,-72.38190285555586,-72.32676111976907,0.0,-99.93758532941202,0.0
a1984_005, -22.33479617823675,-52.617747056421805,-73.55803556527039,-74.52288158317823,0.0,-100.86274691372421,-152.57482459286544
a1984_006, -22.190132002274705,-51.33313601762078,-72.96148551785738,-73.33632636261926,-147.0904706656731,0.0,0.0
a1984_007, -21.815405372318292,-50.406907953897694,-74.13490168644098,-73.58872403388023,-147.78399198040205,0.0,-147.81058247375532
a1984_008, -21.90443994493034,-50.458765850746275,-73.44857220019291,-71.45492418932238,-146.1881609436824,0.0,-143.91191525518485
a1984_009, -22.488427135913053,-50.59879234321093,-75.01237445014986,-76.71778900391215,0.0,-105.36506788097114,-153.04699549935498
a1984_010, -22.431999238688576,-53.132285480314515,-72.42482575242092,-74.58777009319668,0.0,0.0,0.0
a1984_011, -22.38493331275224,-51.11134584565041,-74.5680047972388,-74.8313886517311,-150.1785857225742,-101.13075454907417,-149.69111754122062
a1984_012, -22.41236618924375,-50.200829837450094,-73.83356135282972,-73.49864552636157,0.0,0.0,0.0
a1984_013, -22.363565710806164,-53.10497270989522,-73.56768397733849,-73.89233537508011,0.0,0.0,-147.89421245980222
a1984_014, -22.316576167889945,-48.66615300099949,-71.43925460250311,-72.09528205716677,-143.96271050493328,-96.53605798508403,-144.71571372806832
a1985_001, -22.38139905266931,-49.69285681686842,-73.34147464552086,-73.40927500345599,-146.89908828090543,-98.30946536929768,0.0
a1985_002, -22.672620549519387,-49.69601432778561,-74.41299739416228,-75.05011008910354,0.0,0.0,-150.26626820590283
a1985_003, -23.0004278271463,-53.67965991045931,-76.4382166291604,-77.57993622166299,-154.62382576146132,-105.0230491698058,-155.93862517849055
a1985_004, -22.350062537997328,-52.56490770832295,-75.15645093780759,-74.35341740755163,0.0,-101.34132888843511,0.0
a1985_005, -22.67041715333164,-51.01409437456246,-74.7142351279193,-74.32108888748144,0.0,-100.20077933876969,0.0
a1985_006, -22.28196538359655,-52.71811936744891,-74.63013745575014,-73.34348144923729,-147.4277986012973,-100.03080294938682,-148.19559106665628
a1985_007, -22.356400171936738,-49.62353635761448,-74.77671826502369,-75.3232482194641,0.0,-102.59715917346624,-153.31138588087506
a1985_008, -23.11898486162039,-51.97941632766369,-77.9665426729125,-76.73953490610234,-155.8422661073296,-102.84063119573352,0.0
a1985_009, -22.334447522697573,-49.80221198492092,-73.36261256817689,-73.12993344933936,-146.3861435864691,-98.04167338589957,0.0
a1985_010, -23.20496292820108,-51.64819537288828,-77.67756191611122,-76.38588635437182,0.0,-103.21405507561704,0.0
a1985_011, -22.145234109536375,-51.590908642979606,-72.13720421865378,-72.07537777706527,-144.51567833737786,0.0,0.0
a1985_012, -22.26356877577207,-50.37913497302293,-72.6942085895435,-73.17918134353353,-146.26900930061777,-98.43306927553746,-146.78214085547597
a1985_013, -22.381441314443187,-49.76724022785131,-72.35090207353988,-73.16032210720006,-145.95692585907491,-98.22357406996112,0.0
a1985_014, -23.669235531880396,-53.67710617670679,-80.76077086583504,-78.49217614649643,0.0,0.0,-159.16683430407812
a1985_016, -22.906378389266944,-52.76638047364622,-79.08189589130332,-75.32006181840838,0.0,-102.38342491721747,0.0
a1985_017, -22.177262370803174,-50.62363524180794,-72.50530033580736,-73.13322336835775,-145.95916811947774,-98.44641621820786,0.0
a1985_018, -22.931472052963574,-54.97562830865427,-75.45271403701672,-81.56734377115515,-160.95787818667247,0.0,0.0
a1985_019, -21.787354793116005,-48.25054660883451,-71.82274742634522,-72.62891801936195,-145.24889178090626,-96.86016282032472,-145.1578916903136
a1985_020, -22.425676850340142,-50.762334861837566,-77.25875069935078,-73.51007676992077,-148.94016268040102,0.0,0.0
a1985_021, -21.54257069885958,-49.003043073712604,-72.27279816916584,-71.90132276570213,0.0,0.0,-143.98848303470024
a1985_022, -22.105652717640123,-53.30512544571559,-72.91312752521836,-74.39838268336412,0.0,-102.67159422501219,0.0
a1985_023, -22.932141114000316,-51.67882006176939,-76.42026927454602,-77.14492895596541,-155.35815719354227,-103.12646204332935,-153.9569769002526
a1985_024, -22.733850155671334,-55.921935555757294,-74.39680579114702,-73.87495931558009,-149.51748282787685,-102.0186725041521,0.0
a1985_025, -24.045902210745883,-54.41675830006334,-79.70455336473027,-79.48502143778458,-159.49195324051195,0.0,-159.36842224479
a1985_026, -23.023977501972553,-54.4228900474129,-76.27102539149101,-75.6659329697006,-151.63702470342534,-103.31983204789354,0.0
a1985_028, -23.216983667458813,-50.758811155663956,-75.98641086767114,-76.44696673292347,0.0,0.0,-154.59141534739993
a1987_001, -22.40454850841745,-50.416344378436115,-74.07894397111042,-73.58851407301475,-147.60975590415103,-98.95644921135347,-148.003453308479
a1987_002, -22.07573003859808,-48.198942758389045,-71.87476057482705,-73.08283638176029,-145.86090423740373,-97.66152685466068,0.0
a1987_005, -22.517572277719065,-51.18997744999256,-74.90006191380995,-72.43762114248649,-146.18306634903107,0.0,-147.08225709614868
a1987_006, -22.022718230381454,-50.614909719926914,-73.67037692886055,-73.84822177422548,0.0,-100.33078236587664,-148.63123994132042
a1988_001, -21.666219152119524,-48.63375321459249,-70.62741793008038,-71.6267838636735,-143.5746637466012,-96.83541233852283,-142.86152085532316
a1988_002, -21.85946189348638,-51.560822626761016,-73.01241913680674,-71.07370504888199,0.0,0.0,-143.23452675121607
a1988_003, -22.556393138677404,-50.75907680857698,-85.08925700266269,-73.6340849428718,0.0,0.0,-153.00711487599727
a1988_004, -22.59406780435316,-51.55144546046257,-76.30576523464627,-74.05268228892562,0.0,0.0,-149.81567442819272
a1988_005, -22.687729247187942,-50.29546028619662,-75.9666203441051,-73.21109434790093,-148.06830322111412,0.0,0.0
a1988_007, -23.166641314991423,-52.224247413661566,-79.2643171741205,-80.11847916934263,-160.07146268462736,0.0,-160.25890447514777
a1988_008, -22.076573894709156,-49.463017760307125,-72.5371383860387,-74.45078728936353,-149.86055098315597,0.0,0.0
a1988_009, -21.953362576690573,-50.174667844755746,-75.08883029872956,-74.16972401533857,-148.97274059468688,-99.46779599586908,-149.41188370807646
a1988_010, -22.045713405146593,-52.57957345002118,-76.12099796488536,-77.5559359837505,0.0,0.0,-154.80901275955205
a1988_011, -21.848492192041157,-50.390392763133974,-73.22548955520298,-74.84904160012381,-149.36080237789866,0.0,0.0
a1988_012, -22.318745767187853,-53.46354700190997,-76.3115391001943,-74.04206827092034,0.0,0.0,-149.87756962134395
a1988_013, -22.51751868673679,-52.53066702993037,-75.30366581028194,-75.06957219216375,0.0,0.0,-151.30739300462673
a1988_014, -22.776578900439738,-51.51125376482609,-75.63509213330592,-76.63912286767489,-153.68475601453886,-103.02693730219261,0.0
a1988_015, -22.575659174435263,-50.94588516202222,-75.89771573047096,-75.37005529417821,0.0,-101.16300251300905,0.0
a1988_016, -22.049473995209308,-48.40686317225453,-71.41676121178261,-73.152859639774,-146.1796938389302,0.0,0.0
a1988_017, -21.99334021934451,-51.10676915956243,-72.86345859859274,-73.81204270816701,-147.3477620260377,0.0,0.0
a1988_018, -22.574013151088177,-51.69459406910601,-74.10297682716399,-77.90711432282752,-153.95582569548938,-104.3262165678562,0.0
a1988_019, -22.497274538187686,-49.78506000775363,-74.71125975418265,-76.67650809079677,0.0,0.0,0.0
a1988_020, -22.9603084975684,-54.082142458958494,-77.97068179053021,-80.19094135239804,-160.5835900259903,0.0,0.0
a1988_021, -22.354513024131208,-50.07804844275143,-74.39951108256662,-74.18821657263341,0.0,0.0,0.0
a1988_022, -22.334874232676725,-50.39954226603702,-76.01224119296073,-75.20056326342686,0.0,0.0,0.0
a1989_001, -22.4640749110263,-49.675019045109515,-74.30301835252891,-75.574858899965,0.0,-100.41237220459202,-150.63282707779845
a1989_002, -22.702313426077676,-53.80658288948792,-75.14361196426186,-75.62358732475472,0.0,0.0,-151.0173637276167
a1989_003, -22.742416417767966,-55.0241302125627,-76.73388436729245,-77.30379328701092,0.0,0.0,0.0
a1989_004, -22.807041543201418,-51.76949962171347,-76.9203102634724,-76.78890222244142,-153.65428698808068,-102.67997584097336,0.0
a1989_005, -21.927410655750148,-48.753444099925474,-70.71800744238152,-70.86439877061376,-141.9994693823703,-95.24138707522721,-142.0048962779379
a1989_006, -22.787326807120305,-53.67430373150764,-76.79962375069553,-76.25677968514076,0.0,0.0,0.0
a1989_007, -22.40259289116373,-51.78375932069602,-76.68999591097706,-74.7612206919192,-150.59176838730403,-102.10849682739062,-151.31899389501817
a1989_008, -22.306736928764973,-51.35332522040189,-77.30944691766419,-77.71998834437665,-155.6561658130064,0.0,-155.5161620015061
a1989_009, -22.528105017072104,-51.35591020722693,-74.98456902443742,-76.74366541933865,0.0,0.0,-152.60952406506024
a1989_010, -23.222357110342188,-53.75993816868485,-79.72104847527318,-78.62208229008073,-159.64043442754405,-105.75016865127205,-157.80624654117992
a1989_011, -22.371805564392144,-51.80738032914987,-78.58664716440033,-77.89133701204034,0.0,-104.3254215302363,0.0
a1989_012, -22.67913694294741,-53.8356464639158,-75.11528722922638,-76.58005676451354,-152.53342345561052,-103.62458260845997,0.0
a1989_013, -21.73371209458894,-46.25809934238293,-68.97988272440959,-67.79403097674184,-136.19738012060185,-90.93362339191148,0.0
a1989_014, -21.869349717932682,-47.28156618368185,-68.4662798406356,-68.75729508463627,-137.37574486637573,-92.40388601614096,-139.53148023832526
a1989_015, -22.113133004365107,-47.68769333682658,-69.94173349848435,-69.21171236693895,-144.19685356191977,0.0,-138.78844532921212
a1989_016, -21.607408460096153,-47.190545848239935,-67.47816876693004,-67.30346304462014,-134.70495175588485,-90.93577030027384,0.0
a1989_017, -21.01920577950047,-49.46547493043559,-69.0965874713818,-71.53221767023408,-142.13558084374404,0.0,0.0
a1989_018, -21.915937288746335,-48.13536268568665,-69.59963243557273,-69.61442972720451,-139.41423410005817,-93.9259964758157,0.0
a1989_019, -22.49222252310682,-50.62343270072157,-75.16318868735321,-74.70707826559942,0.0,-100.06239664249998,0.0
a1989_020, -21.563493680246406,-47.98103470876839,-72.24829867732562,-71.26938165569106,-144.40722414662335,0.0,0.0
a1989_021, -21.674850332271195,-48.858622502611624,-74.94502836906774,-73.69207591902186,-148.0167467255148,-99.65001340293708,0.0
a1989_022, -23.080486472831847,-51.942958592102144,-77.58352424524448,-76.41831887287955,-153.4205769935109,0.0,0.0
a1989_023, -23.773492433377754,-54.34494883672786,-77.56712478562612,-78.60681193401808,0.0,-106.37580230480063,-156.72780037884223
a1990_001, -22.676678343505095,-53.02528706347236,-75.36627428714475,-82.03632556366259,-160.75090306915567,-109.05754839548646,0.0
a1990_002, -22.354315960613828,-51.720801281334225,-75.95131099946192,-74.0801601270245,-149.26700289032405,-100.29148903291308,-149.71517077949463
a1990_003, -22.085185853166312,-50.61898611696933,-73.1405327871655,-73.74331771965348,-147.26150250256003,-99.11739532123832,-148.16312106226835
a1990_004, -21.26375908371702,-47.967389098381815,-73.165591315036,-73.09118181249163,-146.76144218996222,-97.07500514173972,-146.42605894007713
a1990_005, -22.40055137499189,-53.799164354185834,-73.90645189992172,-75.18219214600879,0.0,-102.59051135843174,0.0
a1990_006, -21.911748298005953,-51.81056530570496,-72.61982975604285,-73.51257836927763,-147.2342393936472,-99.82329165151411,-146.7358458171421
a1990_007, -22.119293425515522,-52.10991852395588,-74.45198878632972,-74.85719502634575,-150.10955324016024,-101.01675898612352,0.0
a1990_008, -21.336425170055016,-51.59865284989851,-71.73477700051322,-74.3316478450317,0.0,-103.8535480857803,-148.56709009749994
a1990_009, -22.004691583320504,-51.47216944276067,-76.53479422070232,-76.4753117655794,-153.60938138592053,0.0,0.0
a1990_010, -22.943679752632125,-54.63806260142415,-77.83380598315935,-78.92618899662945,0.0,-106.24723690488379,0.0
a1990_011, -21.950381599261508,-51.80414047186,-74.86467086624415,-74.42987052389208,0.0,0.0,-150.1766977903674
a1990_012, -21.623844953187625,-51.016921192259026,-73.19145919480074,-71.71488747486787,0.0,0.0,-145.17832890124177
a1990_013, -23.049896914842385,-53.90487033324686,-77.71599334074006,-78.08630312126053,-161.88183093499865,0.0,-155.9874551469709
a1991_001, -21.461067302943288,-51.98309059151191,-74.34133796651072,-72.79069823557779,0.0,0.0,0.0
a1991_002, -22.62198856115983,-56.06695622761025,-77.47463568868359,-76.51183385703989,0.0,0.0,-153.9296531308453
a1991_003, -22.703230657607662,-53.172719663993426,-76.44751650215998,-76.48593156062806,0.0,-105.3145166961387,-153.11750343328166
a1991_004, -21.65238347699294,-50.22198453812009,-72.70947301308956,-71.69100757810443,-144.08304754352454,-96.97378679628511,-144.4631641949413
a1991_005, -22.8648269391174,-53.792653392769026,-78.24092055151874,-76.9153153132558,-154.55784944480283,0.0,-155.54991708440912
a1991_006, -21.281251167535007,-47.88371575422408,-72.9617879966124,-72.36663209283265,-145.38470949006447,-96.5545613902363,-145.3702268355803
a1991_007, -22.270398749145283,-52.65098401545509,-75.63088128153471,-76.08914530833468,0.0,-102.45563723674883,0.0
a1992_001, -21.701422419261426,-50.75237899823077,-72.52124283648668,-72.33684604349958,0.0,0.0,0.0
a1992_002, -21.461014233976105,-49.51624388575025,-72.46578993786576,-71.70561458195886,0.0,0.0,0.0
a1992_003, -21.445988624369935,-51.987028428610316,-72.04993968813653,-71.87985951832636,-143.977826214585,-97.88399759503702,-144.57169528635313
a1992_004, -21.2322939916452,-52.29266268597421,-70.93090043747779,-71.28618931724006,-145.27780159624518,0.0,0.0
a1992_005, -21.336938877635315,-49.00598814760841,-70.24282074801337,-71.16950852416261,-142.4084106495221,-95.76786109859111,0.0
a1992_006, -21.86433985322244,-49.061756584396996,-73.36821385133743,-74.87146959435103,-149.40489242813405,0.0,0.0
a1992_007, -21.442997364020037,-49.43423676294306,-72.62107900482611,-71.5690585680887,0.0,-96.71534963967328,-143.66462396584356
a1993_001, -21.927713478988363,-52.523494169067035,-73.17343026413283,-73.76926650028622,-147.88473442522582,0.0,0.0
a1993_002, -22.14474503670491,-50.38547702397915,-72.80815680335671,-73.79146920369251,-147.4446487209353,0.0,0.0
a1993_003, -21.90327723847133,-50.24394228538385,-72.3788414690767,-73.43947984850867,-147.89347196121935,0.0,0.0
a1994_001, -23.35411939689712,-56.6385326572434,-77.65100309649512,-78.42700347159692,-157.26817734919794,0.0,-156.5782176565725
a1994_002, -22.673966565857974,-51.77451913539365,-76.10243650980337,-76.12561180185267,-152.50725814308146,-102.71893856446513,0.0
a1994_003, -21.990730737680742,-51.24310349318623,-72.81842355217104,-72.36357077028218,0.0,0.0,0.0
a1994_004, -22.006018384877507,-50.50868952624584,-73.73985355369949,-74.9115245003458,-149.50224312066894,0.0,-149.68127188056647
a1994_005, -21.84070409370576,-49.62434804540448,-72.7922479056933,-76.44360596416246,0.0,0.0,-151.68230435675488
a1994_006, -21.88810818393865,-51.186709788753596,-72.36495620929006,-75.13843959358675,-148.9344882691543,0.0,-150.12338794431622
a1994_007, -21.889619091519716,-51.549309964817006,-75.4625762061566,-73.92304641086115,0.0,0.0,-154.62840412110577
a1994_008, -21.447021252937247,-51.17477563024037,-70.8157287818163,-71.61999399047653,0.0,-99.61657572159979,-143.00156304644057
a1994_009, -21.70880468347478,-50.295478124818345,-70.86119883606315,-70.37045317396691,-141.00404983096922,0.0,0.0
a1994_010, -22.077016256664432,-51.593463560222084,-76.40316056375396,-73.3929639702925,0.0,-99.29208226909219,-150.47014741281114
a1994_011, -22.0592730310407,-52.62656787685677,-73.74378820485057,-73.92017742548362,-147.7761090354267,0.0,0.0
a1994_012, -22.104553041450412,-53.04485149058887,-74.45861663908065,-74.99618748279778,0.0,-101.79692011953924,-151.59933372113434
a1994_013, -21.907084394398062,-49.82252383408373,-72.8757724792453,-72.66708656803335,-145.43853094872824,-97.82230583999528,-150.65046777147901
a1994_014, -21.514491875832334,-49.44155117008282,-74.15343336659144,-72.10315511360372,-145.26358504542125,0.0,0.0
a1994_015, -22.07647449769095,-51.62136002703809,-73.11352902846183,-74.22153135060466,-147.9461169519901,0.0,-149.00261058135078
a1994_016, -21.63603354003876,-47.9277192706943,-71.65252478284589,-72.54351467161749,0.0,-98.2955625265579,0.0
a1994_017, -21.722955683522322,-50.795002582115195,-71.46725587552028,-71.4133698706386,-143.06591581726184,-97.21765264843741,0.0
a1994_018, -21.68003765216442,-50.03350420631503,-69.59013261860692,-71.05489359384373,0.0,-96.15484133375992,0.0
a1994_019, -22.249895754241983,-50.82152075062666,-77.36763920424151,-74.19150804119616,-150.02740398820285,-100.93607001277842,-151.09073706270888
a1995_001, -22.27063045089666,-49.54891684292762,-72.9432688672935,-74.69188392589034,-151.68305708680822,-100.89658749429353,0.0
a1995_002, -22.59961498086564,-52.42981266503693,-73.97653585462923,-75.30539037471371,-150.2958421374075,0.0,0.0
a1995_003, -21.598570362958235,-47.54143208964405,-73.0656585908212,-71.56874850660238,-144.59256638426794,0.0,-144.0253834597793
a1995_004, -22.445890423045327,-50.61657416188402,-75.48050532092836,-75.23630841071112,-150.88542127279084,-100.56822542568266,0.0
a1995_005, -22.73003307883474,-50.224046010824225,-76.00898439278443,-75.84802494645336,-152.26972701163902,-100.99459416605184,-152.0098691730979
a1995_006, -22.11845992921486,-50.07120336960127,-73.56411602616232,-75.41674703390703,0.0,0.0,0.0
a1995_007, -21.617355669716716,-48.50747596148629,-73.10446817779459,-74.78434785627478,-148.82017467422665,0.0,-149.62334748881992
a1995_008, -22.023841762239723,-50.04557452195101,-75.08280780134696,-74.73494235207824,0.0,0.0,-150.02922157229585
a1995_009, -22.675693790404182,-53.22045045386072,-75.23047357631773,-76.11869572579103,-152.23398449010307,0.0,0.0
a1995_010, -22.20284144889051,-50.98496829559589,-75.00034867119253,-73.50105899474272,0.0,0.0,0.0
a1995_011, -22.47189474072476,-52.1030266458651,-75.92627912027231,-75.94274132517322,0.0,-103.86226124179022,0.0
a1995_012, -21.98088031275169,-51.3569814867099,-74.17644378753734,-76.98588395633132,-152.63263968797196,0.0,0.0
a1995_013, -22.380296300447522,-52.32373257769615,-74.53150963911992,-76.61079472807445,0.0,-103.84855252518389,-156.31292318778074
a1995_014, -22.312661450336247,-52.0692252990352,-74.08505907972507,-76.67591815900337,-152.28938058205765,0.0,-152.5502198101226
a1995_015, -22.491091858258915,-51.95084502237986,-75.07734790458342,-75.06491498659572,0.0,0.0,-151.06052412807014
a1995_016, -22.39738678450284,-51.08711377510258,-73.56667950163383,-74.03077678797025,0.0,-99.5782845519535,0.0
a1995_017, -22.21016115378331,-54.015336398720066,-74.34133979529147,-75.04145998105665,0.0,-103.77100576134576,0.0
a1995_018, -22.29852482626719,-52.26242347694539,-74.28968468232526,-73.74239868616807,-147.9458175241427,-99.8739212684447,-148.3399488380194
a1995_019, -21.820940235971285,-51.13774102341048,-73.89519808088573,-73.51166745780202,0.0,-100.70169374383276,-148.08101779667305
a1996_001, -21.93742500475467,-52.806981874920965,-74.7342530375131,-77.88537119869996,-154.31985252963273,0.0,0.0
a1996_002, -21.6462034004376,-51.638532733927086,-75.11134501509711,-75.49845808743069,-153.49417250263562,0.0,0.0
a1996_003, -22.13003924039456,-54.094624028891545,-75.34882002196152,-74.39010750922394,0.0,-101.56371332378654,-149.3449101829112
a1996_004, -21.733960107131647,-52.62032144664876,-72.52171128140748,-73.48249958761005,0.0,0.0,0.0
a1996_005, -22.227729132341462,-52.230753053513595,-73.6348259636268,-74.57727982857992,0.0,-100.8563453723171,0.0
a1996_006, -21.29500214772201,-48.0725770212853,-73.8380558762878,-71.21386705909528,0.0,-95.27421116346645,-143.87701303468737
a1996_007, -21.963139849532432,-54.01867053866674,-73.30488021752565,-74.18137659085268,-147.95324371016878,0.0,-149.36698699113347
a1996_008, -22.352577209436955,-52.842211048837626,-75.40489138647521,-75.39279062021838,0.0,0.0,0.0
a1996_009, -21.640596746207464,-53.55363044568252,-74.41487340038331,-74.53388529366374,-149.02053427042603,-101.31073707100072,-150.8681274184502
a1996_010, -21.721237260415755,-54.626134797903504,-73.37221177065612,-75.01433288722787,0.0,0.0,0.0
a1996_011, -20.31390330485995,-45.5985423811938,-67.35441574443776,-67.05556035876731,-134.41641632529348,-90.0154361932168,-134.91925901213054
a1996_012, -21.623711864964,-52.81890153819039,-75.66722389669502,-73.07293979050738,0.0,0.0,-147.52457671469085
a1996_013, -22.24063465436451,-53.721225444284634,-73.56236415149009,-77.07537212728614,-152.50736187984415,-104.23795591078631,0.0
a1996_014, -22.05104917887577,-52.138817644464766,-74.36800713876535,-75.13216115787424,-150.16636520295097,-101.32791569631782,0.0
a1996_015, -21.257866973671035,-49.85566140965751,-71.93910305320996,-73.57558552001699,0.0,0.0,-146.40886603627033
a1996_016, -21.214088130207838,-49.46498081726683,-72.72556976985157,-72.71967881111348,-145.51315579105224,0.0,-146.45431376091088
a1996_017, -21.94280152371078,-51.99395058419877,-75.95293000268943,-74.62634633184462,0.0,-101.47424967996783,0.0
a1996_021, -22.320207169093784,-54.67269609851301,-72.18385541343311,-73.11146195161234,-145.86612401438182,-100.82166934149723,-146.5825423812187
a1996_022, -22.4551079444321,-54.46683546266866,-73.68612728203497,-73.78062135235987,0.0,-101.58316023639875,-147.58214251728052
a1996_023, -22.45804962896366,-51.2934242928458,-73.87984169975252,-72.78979008461774,-146.1681788060232,0.0,0.0
a1997_001, -21.640772949985994,-54.25704137108463,-75.35392236840383,-72.5658521251655,0.0,0.0,0.0
a1997_002, -22.04466144394024,-49.8277765651762,-74.03426557615157,-75.03846467761939,0.0,0.0,-150.2404687281983
a1997_003, -21.721895393434483,-51.18824891072792,-74.7049250404208,-73.47781687335613,0.0,0.0,0.0
a1997_004, -21.559719666778697,-47.62980524904575,-72.07486853433691,-74.65572625894303,-151.17745010741152,-100.12682270660206,-148.0219309051657
a1997_005, -21.58915820981559,-50.799816195927406,-72.48172275749182,-73.79705126277474,-146.95846929318722,0.0,0.0
a1997_006, -21.574862754291242,-50.611117197224466,-73.52407019326292,-72.75979604767048,0.0,-98.85078091517197,-146.34638868484615
a1997_007, -21.7319069196043,-54.13959493455117,-73.70858025084219,-72.6197732133167,0.0,0.0,-145.88710075994055
a1997_008, -21.28923069586699,-49.298106902713016,-71.73804256854568,-71.72375842426621,-144.6160231459783,0.0,0.0
a1997_009, -22.489469665173388,-45.10244000668382,-72.17973437205916,-72.17013352699325,-144.34925508480055,-94.7219150949009,0.0
a1997_015, -21.581726610782134,-51.26380855754262,-70.75409302044217,-73.92515637203816,0.0,0.0,0.0
a1997_016, -21.63529649582429,-54.10730103246837,-75.53423532237866,-74.71565106672702,0.0,0.0,0.0
a1997_017, -21.5938474806562,-50.665707613408046,-70.80374878932587,-72.35991162514375,-144.08862401039335,0.0,0.0
a1997_018, -21.31871419242811,-49.65676730892968,-71.6628958125092,-73.20907625780676,-145.79071347560736,0.0,0.0
a1997_019, -21.594621479669666,-50.1540631514655,-71.5941378526769,-75.04675830325984,0.0,0.0,0.0
a1997_020, -21.814285166937122,-50.77161969145909,-74.62881338491444,-72.68230958403765,0.0,0.0,-146.64511434691158
a1997_021, -21.811130438816395,-50.718009782421255,-71.51852497337269,-72.70719224215334,0.0,0.0,0.0
a1997_022, -21.763795008626182,-54.233211543128796,-73.3796620259515,-73.91394582591118,-147.7649146675443,0.0,0.0
a1997_023, -21.396732797550563,-49.87126397427855,-73.78732768805305,-70.6522915345641,-142.89919850772066,0.0,-144.34317450140486
a1998_001, -21.77084319870387,-51.01544167869208,-74.05362601427187,-75.82510418516058,0.0,0.0,-151.0625430528051
a1998_002, -21.993386688192317,-55.72273771942658,-78.29198886893548,-74.83973218358176,-152.2139134505418,0.0,-151.516268078841
a1998_003, -22.015936844185177,-51.475161904548486,-74.87159352248435,-74.50026656526354,-149.2017036133193,-100.26479479193087,0.0
a1998_004, -21.943678784935152,-53.740612011254264,-73.57171781167243,-74.76803765595507,-151.70862158730813,0.0,-148.939879735849
a1998_005, -21.338701810588802,-49.35077650617807,-72.08482314528487,-72.1740164968912,0.0,0.0,-146.00310984432684
a1998_006, -22.0369391406986,-50.20437882172017,-73.67328132435578,-74.32688147331946,-150.67547005688064,0.0,0.0
a1998_007, -21.66092808102051,-49.0368974238949,-71.87783904287859,-74.01330313930735,-150.91852549905218,-99.7559082876445,0.0
a1998_008, -21.59171929308665,-48.054255353617634,-73.91099232257216,-72.49092139902524,-145.71291449720462,0.0,-147.28654028124853
a1998_009, -22.049954208042543,-56.046263193107706,-74.56037890640411,-73.47753038689669,0.0,0.0,-147.76324261574845
a1998_010, -21.9313579248314,-49.934578076275294,-74.20807256988631,-73.108753626098,0.0,-98.64410926760077,-147.8129585067004
a1998_011, -21.76805147386599,-49.41395398160609,-74.1631340442545,-72.15336462852225,0.0,0.0,0.0
a1998_012, -22.24686911314091,-53.63772854180025,-76.39614812714856,-76.63322785252322,0.0,-104.17214814178165,-153.29047203822168
a1998_013, -22.046979049108927,-54.47062670967024,-75.62635887889638,-74.67787070829034,0.0,-102.06960825111169,0.0
a1998_014, -21.623699697655685,-49.18609207217561,-71.49561750095404,-69.78459273449056,0.0,0.0,0.0
a1998_015, -21.91232198428839,-50.49848016722108,-72.27120069208624,-74.76931706241609,0.0,0.0,-149.18299250539897
a1998_016, -21.59073500226499,-47.62148214158038,-69.34056313210877,-72.04617032480783,-143.52212307129233,-96.33312297989652,-142.8567986085593
a1998_018, -20.981401593738976,-52.62286303237424,-70.30684797347527,-69.40518284806994,-139.73386040970587,0.0,0.0
a1999_002, -22.365774421573324,-52.23122846130134,-77.32961090912384,-74.4249917721196,0.0,-101.44879875755134,0.0
a1999_003, -22.64310196072393,-51.45257717084656,-78.45389763515884,-75.83191996620224,-154.07759995660743,-101.5587759368883,0.0
a1999_005, -22.5759788935749,-49.753693859217655,-75.73267423785013,-74.78494571134976,0.0,0.0,0.0
a1999_006, -22.451974617111187,-49.17659439470586,-73.99588567488536,-75.00995539668465,-150.03221736818688,0.0,0.0
a1999_007, -22.129760100847438,-50.52750470474134,-72.37921077887111,-73.06335140155718,0.0,0.0,-145.9611148523644
a1999_008, -22.481458129186315,-53.08334575434962,-76.12199772197056,-75.55932213142118,-153.2461246595332,-102.16957562154127,-151.41259737483304
a1999_009, -23.151980118602104,-52.99679964360507,-77.51559862385308,-77.11488916128116,-154.53112948717606,0.0,0.0
a1999_01, -21.917667663075076,-51.49986149815741,-73.85604923636402,-73.27864246302391,0.0,-99.03082208402157,-146.862218111227
a1999_010, -22.266642802583142,-50.02679904966304,-73.96563953046639,-73.82827154897892,0.0,-99.25705702663937,0.0
a1999_011, -21.437692067786784,-47.59018896384355,-73.24616406664106,-73.74193278453147,-147.96011080952792,-97.55372034233515,0.0
a1999_012, -21.82652448768488,-51.25247526016177,-75.10318092966413,-72.80760014678751,-147.21110217050102,-98.43706165543588,0.0
a1999_013, -22.011915586994085,-51.42405333211461,-72.63340528158989,-74.17310696534935,-147.67288070103768,0.0,0.0
a1999_014, -21.564348003862357,-43.21629372568944,-69.10591616461181,-69.05618966456727,-138.13727211557836,-90.66454026139249,-143.00562697070725
a1999_022, -21.810195556308212,-48.125557130895615,-72.69115269482539,-71.33446238728607,0.0,0.0,0.0
a1999_023, -21.668960504651075,-49.39105598221575,-73.06834022254868,-71.98930764204327,-145.5927477490631,-96.92492953991162,0.0
a1999_024, -21.922929862372136,-48.053289998459675,-73.24818540935132,-72.42008142416995,0.0,0.0,-146.29341228434077
a1999_025, -22.03510153941196,-53.01678182182655,-75.55634048293327,-74.32874446058867,0.0,-101.95542637857288,0.0
a1999_026, -21.675381051008035,-51.144415036016646,-75.30440238048936,-74.04937016979711,-148.88486961517248,0.0,-149.3775381499733
a1999_027, -21.97997539528621,-48.77807652797082,-73.25247773151156,-72.60390015901311,-145.59010392256928,-96.99389039691124,-146.63777088462857
a1999_028, -21.581114430782634,-51.138027026554525,-72.37542054112309,-77.21681589876233,0.0,-104.91010514591004,0.0
a1999_029, -21.746050985993012,-51.926124318016896,-72.93446245815696,-74.18253755517154,0.0,0.0,0.0
a1999_030, -21.353255374286707,-48.58248838998235,-71.4726544574501,-72.22715490943843,0.0,-96.68245995918272,-144.08547018038195
a1999_031, -21.692835012449937,-49.60830734448196,-72.82543551422017,-74.49328693676568,-148.15476006553232,-99.42171636758812,0.0
a1999_032, -21.899185460099268,-48.993518630203305,-73.70829361525848,-74.72548141344805,-149.16936452411736,0.0,-149.44641890059253
a1999_033, -21.669732960676345,-53.30308371791572,-74.03291671735774,-73.50714893571504,0.0,-100.28615697168847,-147.39107498698127
a1999_034, -21.684863726108393,-50.522396521279205,-73.16238662702519,-74.5251909334682,0.0,0.0,0.0
a1999_035, -21.65726790904825,-50.36375082537311,-71.20471067256717,-72.03347042985085,0.0,0.0,-143.8890926680499
a1999_036, -21.217936318672816,-47.46001581421411,-70.65701378105602,-70.93889512051719,-142.82671858323408,-94.68628369702803,0.0
a1999_037, -22.326801326402165,-49.20659639878618,-75.3310046580542,-75.05452537097503,-150.41462778076647,-99.81381010995152,-150.87592577023256
a1999_038, -20.555698660566,-47.48989623908606,-68.6805622094127,-69.70961884866631,-139.56470117332518,0.0,-139.06010945866322
a1999_039, -20.740814713172494,-47.048843406440206,-69.0247286519408,-69.20820391057204,0.0,-93.68387227086697,0.0
a1999_04, -22.651008960380018,-52.531601028573554,-75.88858470945422,-75.43378034671716,-151.61049225858733,-101.75519251965336,-151.31547987853318
a1999_040, -21.52737911279993,-47.739713800192575,-74.76468579654436,-71.08119343262128,-144.00478840536988,-95.19005036326428,-147.32305142711766
a1999_041, -22.184603523641947,-45.91978114502117,-73.56482406106521,-73.58590584694458,0.0,-96.70149935173745,0.0
a1999_042, -22.253293554567485,-48.70160896561904,-72.7754603049591,-74.7582258347894,-149.00086654328413,-99.12722110405413,0.0
a1999_043, -21.443462297522636,-50.36568512010774,-72.41804936204878,-72.27597297669178,-144.6819867011018,-98.31931903716124,-145.7207090236292
a1999_045, -22.830040994471513,-50.707248371668804,-78.37289725300475,-74.63953686282426,0.0,0.0,0.0
a1999_046, -22.55256235984383,-56.37972764088629,-74.16882532940656,-74.64294937217208,-149.499472389104,-102.8982640180791,-149.3093194042922
a2000_001, -21.59232922105403,-53.04718578785592,-73.50279542479113,-75.15571888851264,-151.40615584149702,-101.8172468081264,0.0
a2000_002, -22.307999472245363,-50.46410135426174,-74.97896272206182,-77.40692358296911,0.0,0.0,-153.64785473153796
a2000_003, -21.638710170604043,-49.51115937792887,-72.56587638846176,-72.12393889507693,-144.64316724316924,0.0,-145.0803328190105
a2000_004, -21.762048114407975,-49.64835527206075,-75.55460057211462,-73.21580774678264,-149.17397711061133,-98.22452047980534,0.0
a2000_005, -21.894341859499445,-52.83773983265419,-75.96952331651786,-76.26478969009572,-154.7688106048925,-102.77787553265146,0.0
a2000_006, -21.15006862561317,-49.31828835529978,-69.6615811021214,-69.46582851710215,0.0,0.0,0.0
a2000_007, -21.905477982597418,-48.85511482656201,-74.309400879963,-73.23358714419852,0.0,0.0,-147.00712190650015
a2000_008, -22.37616749616923,-49.05355087141307,-73.70821800932443,-74.8553647795451,0.0,-99.95766416622713,0.0
a2000_009, -21.58101493579759,-49.61916984761245,-72.54932692104745,-71.47425832751608,0.0,-96.76807006768584,0.0
a2000_010, -21.367358668361074,-51.443496720865774,-71.20445236497491,-72.1094571801268,-143.7843836195232,0.0,-145.43827669372448
a2000_011, -22.398332046435794,-50.93045580680731,-76.40805785707518,-74.75237364873831,-150.4864411536128,-100.21770171244067,-150.9968536061189
a2000_012, -22.712386174606625,-51.35987094740586,-75.76926120596855,-76.10018944312091,0.0,0.0,-152.82704293673922
a2000_013, -22.85695603699946,-53.57769293228872,-77.45062720080695,-75.58785728752281,0.0,-103.53936672409206,-152.70164964031844
a2001_001, -22.60128223923535,-52.089026939448495,-77.3181561903129,-74.2859636088111,-150.10437113704904,-100.34279858963988,0.0
a2001_002, -24.075221236625215,-54.877347326265465,-79.4923153562354,-80.83521722473625,0.0,0.0,-163.23349628409412
a2001_003, -22.721125008200048,-50.368920415479984,-75.57924519732244,-78.145113197208,0.0,-104.42510518170205,0.0
a2001_004, -22.210864832838233,-50.81470952695745,-75.23451725170456,-74.70584127902629,0.0,-100.11482229871827,0.0
a2001_005, -23.147355801317254,-53.1828084822892,-78.83837603144103,-76.25312630980349,0.0,0.0,-154.25414087782244
a2001_006, -22.830957066479595,-51.17538875880752,-82.07931562086087,-76.99093480211342,-156.67876488820968,0.0,0.0
a2001_007, -22.55984968889542,-51.793654674676375,-74.15481246242709,-74.65952778645327,0.0,0.0,0.0
a2001_008, -21.805868133253696,-50.72945326978536,-75.82498397211096,-71.5366646179466,-146.88766546945104,-96.9223928528596,-145.23552247073678
a2001_009, -22.349785292478334,-52.79840263145557,-73.40524979828078,-73.55878769974183,0.0,0.0,-147.36748068666853
a2001_010, -22.367913552879248,-51.81169126217872,-75.12764477617695,-74.99203437988956,-151.2017705569858,-101.9546271253932,0.0
a2001_011, -22.547504710046358,-53.177884778570515,-75.5551424598464,-75.86656717838139,0.0,0.0,-151.73533854638495
a2001_012, -22.480071024159134,-52.07108493848809,-76.12984079404096,-74.01749083528279,-149.1053327212143,-100.0889393937933,-150.87975427748557
a2001_013, -22.52480053563503,-51.50500999626901,-74.12771038957142,-75.05050487469627,-150.7616415386282,-103.28025704828165,0.0
a2001_014, -22.510265399033546,-52.050793984996105,-76.05675739853508,-75.42940941532777,-151.80012411378593,0.0,0.0
a2001_015, -22.856389154159835,-52.86720711303403,-77.84369401370628,-76.1259585026788,0.0,0.0,-153.67036839404608
a2001_016, -22.206290157198676,-52.294354207023844,-72.96311961098816,-74.5674690093141,-148.3482921527823,0.0,-150.0764624351704
a2001_017, -22.020616643665058,-50.508222536637255,-74.37171553445533,-74.0477645929193,0.0,0.0,-148.3335443669219
a2001_018, -21.164652919709752,-50.135488171507625,-70.20388407207186,-71.85946179208516,-142.95581476029025,0.0,0.0
a2001_019, -22.146815162437715,-51.89544412081789,-74.28481589034021,-75.13401240028959,-152.77964673388635,0.0,0.0
a2001_020, -21.50431879190849,-50.098564341392965,-72.1983164726207,-72.85673188020961,-145.57696197540068,-98.21279476835407,0.0
a2001_021, -22.62551828034084,-52.49510008741165,-78.78036635928112,-76.4633807863925,0.0,-106.80573925488605,-154.08568948943469
a2001_022, -22.56881753321165,-50.35442197492239,-75.50379585092831,-75.71006869897806,0.0,-101.37989378907555,0.0
a2001_023, -22.311982000661875,-49.41335504113918,-71.65194868307178,-75.65275025047937,-149.40332228633702,-100.6330018520295,-150.16709332830445
a2001_024, -20.902507233620828,-49.19296751229488,-70.83916481075364,-70.22661206123061,-142.43682626717802,-96.4776336225787,-140.77727343318753
a2001_025, -21.52767437173165,-50.23904981628342,-73.86872819064666,-73.70838280433881,-147.6254551400241,-100.16093907197143,0.0
a2001_026, -22.470026711978292,-51.082156447377805,-73.42239162752925,-73.881583610872,-148.09997206185878,0.0,-147.72797073067832
a2001_027, -22.52703229151347,-52.691114285164836,-76.01575976811344,-75.3798350415462,0.0,0.0,0.0
a2001_030, -20.687375740061576,-50.76747335084647,-70.10437481037353,-70.24767863156795,-140.4373833544314,-95.82642563164299,-142.22993839162274
a2001_031, -21.820945678149247,-49.10358988038523,-72.33166084729687,-72.73435681061666,0.0,-97.72687659783257,0.0
a2001_032, -20.711957258703592,-50.723903897034944,-71.37654874538579,-70.64853144910803,0.0,0.0,-141.66687208499326
a2001_033, -22.128203726138832,-45.367208743524614,-70.56156595332999,-72.12507284321657,0.0,-94.84582422881155,-143.46893161033375
a2001_034, -22.35425026389592,-51.30387878868257,-77.19863994975161,-74.33629336253016,0.0,0.0,0.0
a2001_035, -21.868096958647417,-50.161527763716926,-70.89758150345848,-71.00113321070819,0.0,-97.42373859081528,-142.21194355392115
a2002_001, -22.908721311936134,-50.77110323212055,-76.3304917997676,-79.2836060221464,-157.5612677928322,-105.79538241171815,0.0
a2002_002, -22.140829922558723,-48.46489988040759,-72.93869960321344,-75.17979478059647,-150.9385375721464,0.0,-149.25603082940634
a2002_003, -21.550186093130197,-48.83946221260684,-73.04066194035917,-73.84996719456808,0.0,0.0,0.0
a2002_004, -22.857303315360774,-52.32463343242667,-76.65726450130752,-77.65246025249779,0.0,-104.21189535480174,-154.8101641256856
a2002_005, -22.070593046748314,-51.78365387107382,-71.61665072053431,-74.90588314544922,0.0,0.0,-149.24182430363018
a2002_006, -22.535957202667937,-52.45867016475954,-74.6820317660702,-76.4598268026545,-152.1962615209579,-103.16057767826753,-152.6640302492139
a2002_007, -21.250846939422132,-50.09222181054037,-77.0832580597668,-72.60442516980734,0.0,0.0,0.0
a2002_008, -21.912433740351087,-51.132646138043384,-76.630137864718,-72.53123358498242,-147.2162690003913,-98.1825246925958,0.0
a2002_009, -21.944062739534644,-48.533109661539726,-72.55392511105785,-74.25668891197714,0.0,0.0,0.0
a2002_010, -22.671646631231106,-49.776772111759065,-76.9408612950442,-76.00454731229988,0.0,-100.9982636645771,-152.7283326049542
a2002_011, -22.278290376942397,-50.29572434870468,-72.53075097798349,-74.21672537204033,0.0,-99.40280297484901,-147.97617242521088
a2002_012, -22.170376915571453,-50.6417564742518,-74.99442430187506,-74.53334741412839,-150.38136731379635,0.0,0.0
a2002_013, -22.9532441451007,-53.549256820539284,-76.30573895560148,-76.24668944165039,0.0,0.0,0.0
a2002_014, -22.61259479000396,-48.48374320836375,-74.82968624655564,-74.52769035420084,-149.8106554532481,-98.78602411105699,0.0
a2002_015, -21.89066040242327,-49.844784193849115,-73.54157872597673,-76.40446213248603,-151.49669167134675,0.0,-152.15276790449573
a2002_016, -21.929698122665513,-49.116556052891596,-74.28210165292944,-75.8945908011719,-151.04804691201667,-100.83987588771565,-152.03440461324894
a2002_017, -22.661687874250678,-49.27645989586863,-70.08828123299762,-71.62517275209751,-142.48201026477776,-96.26433583420629,0.0
a2002_018, -21.852242746483668,-48.51253829576368,-73.00738805993814,-74.69949349800679,0.0,0.0,0.0
a2002_019, -21.849166851372654,-49.740952071441825,-70.16347062620105,-69.96341970461253,-140.10604290482186,0.0,0.0
a2002_020, -21.45736504092129,-48.2750863756358,-70.56468330190228,-70.86363188671443,0.0,0.0,-141.60394935235158
a2002_021, -23.7235470125463,-51.62174814243819,-76.47492024318157,-79.15098269676666,0.0,0.0,-157.0358486953888
a2002_022, -21.512629803245034,-46.30385311181961,-73.03782914168414,-71.52917578057375,-147.78657177362018,0.0,-143.81285499466443
a2002_024, -23.416557831118887,-53.659775691646495,-80.91603956237519,-79.70598374908676,-160.84686002761185,-106.8370538920918,-160.1224735071648
a2002_025, -23.088185749315834,-53.44280245362956,-77.896780674963,-77.01970093893979,0.0,-105.33457216719208,0.0
a2002_026, -23.18634534472443,-53.11127736903668,-78.39694997990128,-79.9762115555574,0.0,0.0,-159.25277919779612
a2003_001, -24.389432586391617,-56.11476743217933,-80.05453048191961,-81.21648521156769,-161.85534899106352,0.0,-164.35560926021793
a2003_002, -23.61739472045212,-54.57448567327907,-78.67513383932007,-81.06767126185875,0.0,0.0,0.0
a2003_003, -23.45702082194786,-49.93975953295755,-74.614145418828,-76.08239532691759,-151.6265573527158,0.0,-151.99394100331608
a2003_004, -24.30164542015042,-55.404261631709645,-79.03488005393537,-79.05011844872782,-159.39804286527695,0.0,-158.13077322877723
a2003_005, -22.36467310101854,-49.7825066203105,-70.5807761752717,-71.5221059214291,-143.04337621584736,0.0,-142.82131950448033
a2003_006, -22.49948837376424,-51.31445255442392,-77.70255641816004,-74.22765717492054,-150.19801310735872,-99.997497111236,0.0
a2003_007, -22.497793848918782,-49.721008301307975,-74.83438547281216,-74.56571357353144,-150.7444115095013,-99.77150050981162,-149.29244195717493
a2003_008, -22.48018975968888,-49.70378199578866,-72.84788237577881,-74.25128770220823,-149.73620853822584,0.0,-147.8114050794178
a2003_009, -22.368110991777055,-49.2567509968087,-73.67524169442214,-74.13456080896188,-149.2549443680534,0.0,0.0
a2003_010, -21.773454045180518,-52.02707243979027,-70.68297056025385,-70.26614069491842,-140.7935824128171,-96.37139223757895,-141.89014017976749
a2003_011, -21.58421605741434,-49.62065290811917,-72.69997573701077,-75.00869284131038,-148.94354026802762,-100.74781483478297,0.0
a2003_012, -22.89327443131153,-52.37290357839025,-75.13925519442357,-75.58023699441134,-150.95236605196078,-101.78671233385178,-152.79530504806337
a2003_013, -23.321554604043367,-54.82111757926703,-77.66026747711469,-76.92551347593593,0.0,-105.43744817028096,0.0
a2003_016, -23.264020278885656,-51.89618276143982,-77.54245168659322,-77.48609418373299,0.0,0.0,-156.95177792840403
a2003_017, -22.61805142361665,-52.82876920997492,-74.09770991755248,-74.18373311007063,0.0,0.0,-148.33850930309535
a2004_001, -23.285145530561092,-49.76231132314474,-72.45046444571811,-73.16344113898363,-145.97116447222325,-98.45212197618427,-149.20841448042026
a2004_002, -22.978699842132656,-53.50981021330436,-74.28465864618565,-76.68273033995645,-152.62339115886587,0.0,0.0
a2004_003, -22.85413451190838,-48.29992151263397,-74.40286908253033,-74.99104972430611,0.0,-100.1126504449758,0.0
a2004_005, -22.452820581968105,-51.01688287431917,-74.90529209323586,-75.88898186523338,-151.5206190307354,0.0,-151.77737063821633
a2004_006, -23.881574720340634,-55.396279745082786,-80.61504010415905,-80.45878316410227,-161.07853405822843,0.0,-161.93539569450368
